PARAM,RUN,USER,START,END,DURATION,FAILED
10,1,load3,1764711001.173080,1764711003.517960,2.344880,0
10,1,load20,1764711001.189191,1764711003.520500,2.331310,0
10,1,load33,1764711001.200875,1764711003.555111,2.354236,0
10,1,load1,1764711001.171656,1764711003.557297,2.385642,0
10,1,load22,1764711001.192173,1764711003.569549,2.377376,0
10,1,load7,1764711001.178452,1764711003.625630,2.447177,0
10,1,load9,1764711001.180146,1764711003.627001,2.446855,0
10,1,load18,1764711001.187470,1764711003.628220,2.440749,0
10,1,load2,1764711001.172578,1764711003.687295,2.514717,0
10,1,load38,1764711001.205094,1764711003.689436,2.484342,0
10,1,load14,1764711001.183819,1764711003.690939,2.507120,0
10,1,load13,1764711001.183083,1764711003.746410,2.563327,0
10,1,load6,1764711001.174249,1764711003.750268,2.576019,0
10,1,load39,1764711001.205824,1764711003.757207,2.551384,0
10,1,load8,1764711001.179275,1764711003.816658,2.637383,0
10,1,load23,1764711001.193168,1764711003.819448,2.626280,0
10,1,load29,1764711001.197960,1764711003.820487,2.622527,0
10,1,load25,1764711001.194593,1764711003.865002,2.670408,0
10,1,load45,1764711001.210537,1764711003.889527,2.678989,0
10,1,load4,1764711001.173381,1764711003.891603,2.718222,0
10,1,load37,1764711001.203952,1764711003.925254,2.721301,0
10,1,load50,1764711001.214430,1764711003.952221,2.737791,0
10,1,load44,1764711001.209967,1764711003.955773,2.745806,0
10,1,load26,1764711001.195497,1764711003.988865,2.793368,0
10,1,load27,1764711001.196148,1764711004.022541,2.826393,0
10,1,load46,1764711001.211377,1764711004.023884,2.812506,0
10,1,load16,1764711001.185767,1764711004.055310,2.869543,0
10,1,load19,1764711001.188162,1764711004.070931,2.882769,0
10,1,load48,1764711001.212863,1764711004.082061,2.869198,0
10,1,load12,1764711001.182514,1764711004.123393,2.940879,0
10,1,load28,1764711001.196941,1764711004.128245,2.931304,0
10,1,load5,1764711001.173908,1764711004.146093,2.972185,0
10,1,load35,1764711001.202533,1764711004.184033,2.981500,0
10,1,load34,1764711001.201701,1764711004.186787,2.985086,0
10,1,load31,1764711001.199399,1764711004.238881,3.039482,0
10,1,load17,1764711001.186086,1764711004.246100,3.060014,0
10,1,load24,1764711001.193948,1764711004.256060,3.062113,0
10,1,load47,1764711001.212185,1764711004.294773,3.082588,0
10,1,load42,1764711001.208353,1764711004.304652,3.096299,0
10,1,load41,1764711001.207475,1764711004.324741,3.117266,0
10,1,load30,1764711001.198689,1764711004.352810,3.154121,0
10,1,load36,1764711001.203362,1764711004.364395,3.161033,0
10,1,load15,1764711001.184929,1764711004.389534,3.204605,0
10,1,load49,1764711001.213477,1764711004.410687,3.197210,0
10,1,load10,1764711001.180803,1764711004.413850,3.233047,0
10,1,load21,1764711001.190288,1764711004.454551,3.264263,0
10,1,load32,1764711001.199965,1764711004.471265,3.271299,0
10,1,load11,1764711001.181693,1764711004.491579,3.309886,0
10,1,load40,1764711001.206606,1764711004.523649,3.317043,0
10,1,load43,1764711001.208981,1764711005.282545,4.073564,0
10,2,load9,1764711005.299317,1764711005.894750,0.595434,0
10,2,load12,1764711005.303752,1764711005.914104,0.610351,0
10,2,load1,1764711005.288781,1764711005.942901,0.654120,0
10,2,load3,1764711005.293256,1764711005.971438,0.678182,0
10,2,load26,1764711005.318040,1764711005.980727,0.662688,0
10,2,load30,1764711005.324209,1764711006.015453,0.691243,0
10,2,load19,1764711005.311566,1764711006.028519,0.716953,0
10,2,load14,1764711005.306162,1764711006.039233,0.733070,0
10,2,load20,1764711005.312500,1764711006.064333,0.751833,0
10,2,load23,1764711005.314828,1764711006.069818,0.754990,0
10,2,load2,1764711005.291246,1764711006.093829,0.802583,0
10,2,load41,1764711005.449551,1764711006.098416,0.648865,0
10,2,load11,1764711005.301929,1764711006.100153,0.798223,0
10,2,load28,1764711005.321727,1764711006.101360,0.779633,0
10,2,load7,1764711005.297486,1764711006.125192,0.827707,0
10,2,load18,1764711005.310605,1764711006.125407,0.814802,0
10,2,load32,1764711005.333330,1764711006.143754,0.810424,0
10,2,load49,1764711005.537355,1764711006.155051,0.617696,0
10,2,load10,1764711005.300558,1764711006.163993,0.863435,0
10,2,load4,1764711005.294102,1764711006.165625,0.871523,0
10,2,load6,1764711005.296444,1764711006.188910,0.892466,0
10,2,load8,1764711005.298349,1764711006.193680,0.895330,0
10,2,load13,1764711005.305128,1764711006.204548,0.899420,0
10,2,load22,1764711005.314548,1764711006.208142,0.893594,0
10,2,load15,1764711005.306959,1764711006.219928,0.912969,0
10,2,load35,1764711005.369355,1764711006.232580,0.863225,0
10,2,load17,1764711005.309415,1764711006.244319,0.934904,0
10,2,load16,1764711005.308033,1764711006.254149,0.946116,0
10,2,load29,1764711005.323801,1764711006.259696,0.935895,0
10,2,load38,1764711005.405849,1764711006.265589,0.859741,0
10,2,load31,1764711005.327323,1764711006.288158,0.960836,0
10,2,load40,1764711005.433443,1764711006.294605,0.861162,0
10,2,load43,1764711005.477453,1764711006.294848,0.817395,0
10,2,load37,1764711005.401866,1764711006.298319,0.896453,0
10,2,load42,1764711005.461360,1764711006.318723,0.857364,0
10,2,load24,1764711005.315874,1764711006.324718,1.008844,0
10,2,load5,1764711005.295418,1764711006.342115,1.046697,0
10,2,load33,1764711005.334204,1764711006.360974,1.026770,0
10,2,load39,1764711005.417437,1764711006.361310,0.943873,0
10,2,load21,1764711005.313313,1764711006.363084,1.049771,0
10,2,load34,1764711005.365330,1764711006.367568,1.002237,0
10,2,load50,1764711005.557361,1764711006.388935,0.831574,0
10,2,load47,1764711005.513992,1764711006.388597,0.874605,0
10,2,load48,1764711005.525358,1764711006.400440,0.875082,0
10,2,load46,1764711005.509398,1764711006.404731,0.895333,0
10,2,load25,1764711005.317341,1764711006.419675,1.102334,0
10,2,load27,1764711005.319808,1764711006.452013,1.132205,0
10,2,load44,1764711005.485323,1764711006.499850,1.014527,0
10,2,load36,1764711005.385352,1764711006.547636,1.162284,0
10,2,load45,1764711005.493430,1764711006.652497,1.159068,0
10,3,load6,1764711006.663261,1764711007.105977,0.442716,0
10,3,load4,1764711006.661462,1764711007.178237,0.516776,0
10,3,load3,1764711006.660181,1764711007.221933,0.561752,0
10,3,load11,1764711006.668729,1764711007.245169,0.576440,0
10,3,load24,1764711006.684699,1764711007.287982,0.603283,0
10,3,load5,1764711006.662225,1764711007.305944,0.643719,0
10,3,load14,1764711006.671518,1764711007.339628,0.668110,0
10,3,load29,1764711006.692305,1764711007.363584,0.671279,0
10,3,load8,1764711006.665369,1764711007.381831,0.716462,0
10,3,load21,1764711006.679459,1764711007.388788,0.709329,0
10,3,load42,1764711006.830223,1764711007.405754,0.575531,0
10,3,load48,1764711006.936237,1764711007.419485,0.483248,0
10,3,load2,1764711006.659752,1764711007.420885,0.761133,0
10,3,load12,1764711006.669868,1764711007.437541,0.767673,0
10,3,load13,1764711006.670866,1764711007.445812,0.774946,0
10,3,load25,1764711006.686040,1764711007.453727,0.767686,0
10,3,load1,1764711006.659019,1764711007.470069,0.811050,0
10,3,load19,1764711006.677955,1764711007.473584,0.795629,0
10,3,load44,1764711006.853437,1764711007.487742,0.634305,0
10,3,load27,1764711006.689413,1764711007.491689,0.802276,0
10,3,load22,1764711006.680719,1764711007.492837,0.812119,0
10,3,load28,1764711006.690973,1764711007.520191,0.829218,0
10,3,load10,1764711006.667618,1764711007.521728,0.854110,0
10,3,load49,1764711006.953365,1764711007.530929,0.577564,0
10,3,load17,1764711006.674957,1764711007.545534,0.870577,0
10,3,load45,1764711006.871063,1764711007.547576,0.676514,0
10,3,load30,1764711006.693462,1764711007.571706,0.878244,0
10,3,load35,1764711006.757577,1764711007.574328,0.816752,0
10,3,load39,1764711006.778342,1764711007.576883,0.798541,0
10,3,load32,1764711006.696505,1764711007.588882,0.892377,0
10,3,load33,1764711006.697537,1764711007.595985,0.898448,0
10,3,load26,1764711006.687460,1764711007.598559,0.911099,0
10,3,load38,1764711006.777442,1764711007.605385,0.827942,0
10,3,load9,1764711006.665647,1764711007.618418,0.952772,0
10,3,load16,1764711006.673972,1764711007.622091,0.948119,0
10,3,load37,1764711006.773359,1764711007.632136,0.858777,0
10,3,load40,1764711006.795013,1764711007.641956,0.846943,0
10,3,load7,1764711006.664406,1764711007.651121,0.986715,0
10,3,load18,1764711006.676511,1764711007.663652,0.987141,0
10,3,load41,1764711006.809347,1764711007.667079,0.857732,0
10,3,load31,1764711006.694776,1764711007.688528,0.993751,0
10,3,load20,1764711006.678807,1764711007.689895,1.011088,0
10,3,load15,1764711006.672256,1764711007.712487,1.040231,0
10,3,load36,1764711006.766279,1764711007.716177,0.949899,0
10,3,load34,1764711006.710693,1764711007.738051,1.027358,0
10,3,load50,1764711006.973449,1764711007.749455,0.776006,0
10,3,load23,1764711006.682791,1764711007.772971,1.090180,0
10,3,load46,1764711006.881348,1764711007.787081,0.905734,0
10,3,load43,1764711006.837353,1764711007.805665,0.968312,0
10,3,load47,1764711006.901486,1764711007.812062,0.910576,0
100,1,load41,1764715167.206389,1764715167.877172,0.670783,0
100,1,load29,1764715167.090157,1764715167.880392,0.790235,0
100,1,load10,1764715167.071056,1764715167.891899,0.820843,0
100,1,load26,1764715167.086590,1764715167.924761,0.838171,0
100,1,load44,1764715167.250825,1764715167.936398,0.685573,0
100,1,load3,1764715167.063108,1764715167.939648,0.876540,0
100,1,load48,1764715167.394955,1764715167.969410,0.574455,0
100,1,load28,1764715167.088406,1764715167.975423,0.887017,0
100,1,load34,1764715167.141227,1764715167.976661,0.835433,0
100,1,load49,1764715167.398397,1764715168.011948,0.613551,0
100,1,load37,1764715167.186394,1764715168.014059,0.827665,0
100,1,load11,1764715167.071916,1764715168.017344,0.945428,0
100,1,load9,1764715167.070256,1764715168.048633,0.978378,0
100,1,load31,1764715167.092497,1764715168.051536,0.959039,0
100,1,load23,1764715167.083975,1764715168.053636,0.969661,0
100,1,load20,1764715167.080936,1764715168.082954,1.002018,0
100,1,load25,1764715167.085153,1764715168.098727,1.013574,0
100,1,load16,1764715167.077234,1764715168.102815,1.025581,0
100,1,load7,1764715167.067798,1764715168.119742,1.051944,0
100,1,load17,1764715167.078122,1764715168.134527,1.056405,0
100,1,load14,1764715167.074875,1764715168.144069,1.069195,0
100,1,load33,1764715167.097659,1764715168.167134,1.069475,0
100,1,load21,1764715167.082237,1764715168.171696,1.089459,0
100,1,load30,1764715167.091641,1764715168.182226,1.090585,0
100,1,load27,1764715167.087356,1764715168.198637,1.111282,0
100,1,load12,1764715167.072654,1764715168.200354,1.127700,0
100,1,load36,1764715167.178134,1764715168.223274,1.045140,0
100,1,load5,1764715167.066143,1764715168.229496,1.163353,0
100,1,load15,1764715167.076005,1764715168.243114,1.167109,0
100,1,load19,1764715167.080079,1764715168.261530,1.181451,0
100,1,load24,1764715167.084346,1764715168.264291,1.179946,0
100,1,load2,1764715167.062615,1764715168.296145,1.233530,0
100,1,load22,1764715167.083200,1764715168.307777,1.224577,0
100,1,load13,1764715167.073540,1764715168.310266,1.236726,0
100,1,load32,1764715167.093594,1764715168.327000,1.233407,0
100,1,load42,1764715167.218410,1764715168.344224,1.125814,0
100,1,load8,1764715167.069029,1764715168.345736,1.276707,0
100,1,load38,1764715167.190932,1764715168.380796,1.189864,0
100,1,load43,1764715167.226643,1764715168.382944,1.156301,0
100,1,load39,1764715167.191674,1764715168.402569,1.210896,0
100,1,load35,1764715167.146396,1764715168.408199,1.261803,0
100,1,load4,1764715167.065401,1764715168.434098,1.368697,0
100,1,load45,1764715167.262514,1764715168.440911,1.178396,0
100,1,load6,1764715167.067046,1764715168.460656,1.393610,0
100,1,load47,1764715167.391456,1764715168.465275,1.073819,0
100,1,load46,1764715167.314422,1764715168.486756,1.172334,0
100,1,load18,1764715167.079142,1764715168.493351,1.414209,0
100,1,load50,1764715167.407787,1764715168.512573,1.104786,0
100,1,load1,1764715167.062132,1764715168.547388,1.485256,0
100,1,load40,1764715167.199836,1764715169.166975,1.967139,0
100,2,load1,1764715169.172305,1764715169.659192,0.486887,0
100,2,load8,1764715169.179620,1764715169.782658,0.603038,0
100,2,load4,1764715169.174560,1764715169.823117,0.648557,0
100,2,load2,1764715169.173024,1764715169.825755,0.652731,0
100,2,load6,1764715169.177197,1764715169.885049,0.707852,0
100,2,load22,1764715169.198504,1764715258.599574,89.401069,0
100,2,load13,1764715169.185749,1764715258.599713,89.413965,0
100,2,load15,1764715169.188293,1764715169.482612,0.294319,0
100,2,load7,1764715169.178361,1764715169.500316,0.321955,0
100,2,load19,1764715169.193620,1764715169.500479,0.306859,0
100,2,load23,1764715169.200215,1764715169.512744,0.312528,0
100,2,load12,1764715169.184167,1764715169.524223,0.340056,0
100,2,load29,1764715169.222447,1764715169.531097,0.308650,0
100,2,load18,1764715169.192507,1764715169.556002,0.363496,0
100,2,load27,1764715169.210330,1764715169.559594,0.349265,0
100,2,load5,1764715169.175874,1764715169.567132,0.391258,0
100,2,load17,1764715169.191207,1764715169.579575,0.388369,0
100,2,load31,1764715169.241214,1764715169.602298,0.361084,0
100,2,load30,1764715169.230191,1764715169.603711,0.373520,0
100,2,load26,1764715169.204225,1764715169.605627,0.401402,0
100,2,load24,1764715169.202264,1764715169.630003,0.427739,0
100,2,load9,1764715169.180753,1764715169.635770,0.455017,0
100,2,load33,1764715169.263017,1764715169.649660,0.386643,0
100,2,load16,1764715169.189858,1764715169.661158,0.471300,0
100,2,load3,1764715169.173813,1764715169.665794,0.491981,0
100,2,load46,1764715169.386395,1764715169.671015,0.284620,0
100,2,load10,1764715169.181830,1764715169.683368,0.501539,0
100,2,load38,1764715169.306455,1764715169.695269,0.388814,0
100,2,load25,1764715169.203597,1764715169.698148,0.494552,0
100,2,load20,1764715169.194919,1764715169.709028,0.514109,0
100,2,load37,1764715169.294804,1764715169.715775,0.420971,0
100,2,load14,1764715169.187053,1764715169.720068,0.533016,0
100,2,load11,1764715169.183128,1764715169.746494,0.563367,0
100,2,load21,1764715169.196352,1764715169.752454,0.556103,0
100,2,load39,1764715169.322351,1764715169.764734,0.442382,0
100,2,load35,1764715169.274883,1764715169.774563,0.499680,0
100,2,load36,1764715169.287105,1764715169.782595,0.495490,0
100,2,load40,1764715169.323806,1764715169.788016,0.464210,0
100,2,load50,1764715169.442364,1764715169.814385,0.372020,0
100,2,load42,1764715169.334456,1764715169.816159,0.481703,0
100,2,load28,1764715169.218490,1764715169.827218,0.608728,0
100,2,load47,1764715169.399535,1764715169.849265,0.449731,0
100,2,load43,1764715169.338340,1764715169.881812,0.543472,0
100,2,load49,1764715169.426449,1764715169.965695,0.539246,0
100,2,load32,1764715169.251798,1764715169.995348,0.743550,0
100,2,load48,1764715169.410375,1764715170.036155,0.625780,0
100,2,load44,1764715169.358377,1764715170.078009,0.719632,0
100,2,load45,1764715169.370361,1764715170.106446,0.736084,0
100,2,load41,1764715169.330352,1764715170.147740,0.817387,0
100,2,load34,1764715169.266423,1764715170.196802,0.930379,0
100,3,load1,1764715170.201545,1764715170.626083,0.424538,0
100,3,load5,1764715170.205258,1764715170.746361,0.541103,0
100,3,load11,1764715170.210904,1764715170.785560,0.574656,0
100,3,load4,1764715170.204365,1764715170.814594,0.610229,0
100,3,load2,1764715170.202702,1764715170.890082,0.687380,0
100,3,load8,1764715170.208217,1764715170.900830,0.692613,0
100,3,load6,1764715170.205958,1764715170.930676,0.724718,0
100,3,load3,1764715170.203786,1764715170.971186,0.767400,0
100,3,load29,1764715170.230934,1764715170.971408,0.740474,0
100,3,load15,1764715170.214874,1764715170.985310,0.770435,0
100,3,load45,1764715170.364160,1764715171.009716,0.645556,0
100,3,load35,1764715170.290480,1764715171.011428,0.720948,0
100,3,load22,1764715170.221411,1764715171.025909,0.804498,0
100,3,load43,1764715170.346637,1764715171.032645,0.686009,0
100,3,load16,1764715170.215305,1764715171.032783,0.817478,0
100,3,load14,1764715170.213626,1764715171.060911,0.847285,0
100,3,load20,1764715170.219597,1764715171.072486,0.852890,0
100,3,load34,1764715170.258589,1764715171.074352,0.815763,0
100,3,load18,1764715170.218287,1764715171.079529,0.861241,0
100,3,load12,1764715170.211520,1764715171.091854,0.880334,0
100,3,load7,1764715170.206799,1764715171.104463,0.897665,0
100,3,load41,1764715170.342357,1764715171.111653,0.769296,0
100,3,load31,1764715170.234179,1764715171.113303,0.879124,0
100,3,load17,1764715170.217431,1764715171.136836,0.919405,0
100,3,load26,1764715170.225938,1764715171.138277,0.912339,0
100,3,load25,1764715170.224757,1764715171.144269,0.919512,0
100,3,load39,1764715170.314468,1764715171.150051,0.835583,0
100,3,load9,1764715170.208815,1764715171.154089,0.945275,0
100,3,load30,1764715170.232584,1764715171.169311,0.936727,0
100,3,load33,1764715170.236885,1764715171.173934,0.937048,0
100,3,load21,1764715170.220210,1764715171.179685,0.959475,0
100,3,load10,1764715170.209847,1764715171.189177,0.979330,0
100,3,load38,1764715170.301608,1764715171.190954,0.889346,0
100,3,load37,1764715170.294108,1764715171.193228,0.899120,0
100,3,load23,1764715170.222661,1764715171.213543,0.990882,0
100,3,load49,1764715170.421587,1764715171.215603,0.794016,0
100,3,load27,1764715170.227554,1764715171.238975,1.011421,0
100,3,load46,1764715170.373800,1764715171.244545,0.870745,0
100,3,load36,1764715170.293820,1764715171.249477,0.955657,0
100,3,load24,1764715170.223878,1764715171.262762,1.038884,0
100,3,load13,1764715170.212636,1764715171.273349,1.060713,0
100,3,load19,1764715170.219344,1764715171.296652,1.077308,0
100,3,load44,1764715170.355098,1764715171.298080,0.942982,0
100,3,load42,1764715170.344200,1764715171.305574,0.961374,0
100,3,load28,1764715170.228703,1764715171.310622,1.081919,0
100,3,load32,1764715170.235696,1764715171.323021,1.087325,0
100,3,load47,1764715170.389899,1764715171.339336,0.949436,0
100,3,load40,1764715170.333806,1764715171.342184,1.008378,0
100,3,load50,1764715170.426062,1764715171.354481,0.928419,0
100,3,load48,1764715170.401820,1764715171.369376,0.967556,0
